#	MLS	Zip Code	Stat	Address	Current Price	BldgDes	Sub	Approx Liv Area	Beds Total	Baths Total	Garage	Pv Pool	Spa	Year Built	Actual Close Date	DOM	Parcel Number
1	2759237	84719	A-ER	2407 East 2850 South	$330,000.00	2STORY	SFR	1,250	2	2	0	N	N	1978		28	C-0645-0160-0000
1	2721216	84719	A-ER	1923 East 2100 S	$399,000.00	2STORY	SFR	1,440	2	2	0	N	N	2012		183
1	2751211	84762	A-ER	1330 West Strawberry Point RD	$465,000.00	3STORY	SFR	3,024	4	2	1	N	N	1986		57
1	2766234	89002	A-ER	2582 Lazy Saddle DR	$290,000.00	2STORY	TWH	1,170	2	3	1	N	N	2003		4	179-34-712-030
1	2733881	89002	A-ER	1142 Heavenly Harvest PL #101	$295,000.00	2STORY	TWH	1,182	2	2	1	N	N	2006		136	179-34-713-136
1	2713738	89002	A-ER	1557 Ward Frontier LN	$299,999.00	2STORY	TWH	1,189	2	2	1	N	N	2004		176	179-34-614-163
1	2751113	89002	A-ER	492 Waterfall Cove CT	$300,000.00	2STORY	TWH	1,407	3	3	2	N	N	2023		58	179-29-517-051
1	2747846	89002	A-ER	965 Nevada State DR #40102	$308,000.00	2STORY	TWH	1,527	3	3	2	N	N	2021		48	179-34-214-214
1	2762886	89002	A-ER	483 Waterfall Cove CT	$310,000.00	2STORY	TWH	1,311	3	3	2	N	N	2023		13	179-29-517-054
1	2760775	89002	A-ER	1105 Pleasure LN #102	$315,000.00	2STORY	TWH	1,413	3	3	2	N	N	2006		19	179-34-713-098
1	2754009	89002	A-ER	1284 Arcadia Rim PL	$319,999.00	2STORY	TWH	1,256	3	2	2	N	N	2020		47	179-34-814-126
1	2765047	89002	A-ER	1571 Rusty Ridge LN	$325,000.00	2STORY	TWH	1,423	3	3	2	N	N	2004		7	179-34-614-125
1	2764055	89002	A-ER	554 Foothill Cove LN	$325,000.00	2STORY	TWH	1,311	3	3	2	N	N	2023		12	179-29-517-022
1	2710102	89002	A-ER	2011 Darla ST	$325,000.00	1STORY	MAN	1,512	3	2	2	N	N	1996		193	179-27-310-054
1	2693537	89002	A-ER	1081 Elation LN #2	$325,000.00	2STORY	TWH	1,413	3	3	2	N	N	2005		129	179-34-713-284
1	2738998	89002	A-ER	1193 Seaboard CT	$329,999.00	2STORY	TWH	1,832	3	3	2	N	N	2021		111	179-34-814-069
1	2729837	89002	A-ER	1586 Rusty Ridge LN	$335,000.00	2STORY	TWH	1,670	3	3	2	N	N	2004		136	179-34-614-081
1	2763452	89002	A-ER	1150 Paradise Desert AVE	$339,999.00	2STORY	SFR	1,337	3	3	1	N	N	2006		13	179-34-711-089
1	2757549	89002	A-ER	1069 Slate Crossing LN #2	$343,000.00	2STORY	TWH	1,413	3	3	2	N	N	2005		28	179-34-713-038
1	2759919	89002	A-ER	2502 Crafty Clint LN	$345,000.00	2STORY	TWH	1,670	3	3	2	N	N	2003		25	179-34-614-054
1	2763190	89002	A-ER	965 Nevada State DR #30102	$349,000.00	2STORY	TWH	1,542	3	3	2	N	N	2020		14	179-34-214-168
1	2764962	89002	A-ER	419 Scenic DR	$349,999.00	1STORY	SFR	1,198	3	2	1	N	N	1970		7	179-29-110-017
1	2744326	89002	A-ER	1200 Mission View CT	$350,000.00	2STORY	TWH	1,831	3	3	2	N	N	2020		81	179-34-814-053
1	2727575	89002	A-ER	542 Foothill Cove LN	$359,999.00	2STORY	TWH	1,311	3	3	2	N	N	2023		160	179-29-517-019
1	2745765	89002	A-ER	1080 Slate Crossing LN #3	$360,000.00	2STORY	TWH	1,625	3	3	2	N	N	2005		74	179-34-713-240
1	2727672	89002	A-ER	1110 Tuscan Sky LN #2	$360,000.00	2STORY	TWH	1,695	3	3	2	N	N	2006		160	179-34-813-134
1	2753954	89002	A-ER	1172 Gecko RD	$364,000.00	2STORY	SFR	1,337	3	3	1	N	N	2006		49	179-34-812-033
1	2753903	89002	A-ER	1531 Emilia Crossing PL	$369,000.00	2STORY	TWH	1,784	3	3	2	N	N	2024		48	179-34-317-232
1	2722473	89002	A-ER	1169 Paradise Mountain TRL	$375,000.00	2STORY	SFR	1,478	3	3	1	N	N	2006		134	179-34-412-013
1	2711644	89002	A-ER	1529 Eva Crossing PL	$379,000.00	2STORY	TWH	1,784	3	3	2	N	N	2024		217	179-34-317-271
1	2761110	89002	A-ER	1518 Maya Crossing AVE	$379,752.00	2STORY	TWH	1,888	2	3	2	N	N	2025		21	179-34-317-163
1	2759061	89002	A-ER	1048 Gabriela Ridge LN	$385,000.00	2STORY	TWH	1,657	2	3	2	N	N	2024		27	179-34-317-044
1	2723222	89002	A-ER	1521 Eva Crossing PL	$395,000.00	2STORY	TWH	1,813	2	3	2	N	N	2024		175	179-34-317-275
1	2749562	89002	A-ER	639 Moonlight Stroll ST	$395,900.00	2STORY	SFR	1,577	3	3	2	N	N	2004		41	179-31-310-034
1	2742447	89002	A-ER	613 Overland DR	$399,000.00	1STORY	SFR	1,528	4	2	2	N	N	1975		40	179-29-112-007
1	2756969	89002	A-ER	604 Barron CT	$405,000.00	1STORY	SFR	1,404	4	3	0	Y	Y	1974		29	179-30-511-003
1	2758613	89002	A-EA	532 Summit DR	$410,000.00	1STORY	SFR	1,522	4	2	2	N	N	1978		24	179-29-116-026
1	2753248	89002	A-ER	147 Afternoon Rain AVE	$410,000.00	2STORY	SFR	1,483	3	3	2	N	N	2006		50	179-31-714-083
1	2702290	89002	A-ER	1505 Eliana Crossing PL	$411,240.00	2STORY	TWH	1,857	3	3	2	N	N	2023		245	179-34-317-083
1	2759137	89002	A-ER	681 Lucky Pine ST	$412,000.00	2STORY	SFR	1,493	3	3	2	N	N	2005		25	179-31-710-057
1	2739321	89002	A-ER	415 Chateau DR	$413,000.00	1STORY	SFR	1,162	3	2	2	Y	N	1972		108	179-29-114-028
1	2764755	89002	A-ER	170 Cloud Cover AVE	$420,000.00	2STORY	SFR	2,052	3	3	2	N	N	2004		10	179-31-710-011
1	2763652	89002	A-ER	785 Grape Vine AVE	$440,000.00	2STORY	SFR	1,890	3	3	2	N	N	1988		12	179-29-611-050
1	2755402	89002	A-ER	836 Cherry DR	$440,000.00	1STORY	SFR	1,615	3	2	2	Y	N	1984		42	179-29-712-012
1	2765979	89002	A-ER	902 Big Horn ST	$443,900.00	1STORY	SFR	1,633	3	2	2	N	N	1995		4	179-28-414-016
1	2759962	89002	A-EA	2289 Sky Island DR	$445,000.00	2STORY	SFR	1,937	4	3	2	N	N	2018		14	179-27-413-058
1	2723776	89002	A-ER	533 Calypso DR	$445,950.00	1STORY	SFR	1,292	4	2	2	N	N	1993		174	179-29-312-027
1	2757780	89002	A-ER	2276 Sky Island DR	$460,000.00	2STORY	SFR	1,937	4	3	2	N	N	2017		33	179-27-413-115
1	2756178	89002	A-ER	1911 Red Sand CT	$472,000.00	1STORY	SFR	1,705	4	2	2	Y	N	1980		39	179-27-114-032
1	2755828	89002	A-ER	189 Ruby Ridge AVE	$475,000.00	1STORY	SFR	1,952	3	2	2	N	N	2000		41	179-31-611-015
1	2765527	89002	A-ER	1000 Amber Gate ST	$479,900.00	1STORY	SFR	1,703	3	2	2	N	N	2002		5	179-31-111-057
1	2757584	89002	A-ER	532 Big Lake ST	$485,000.00	2STORY	SFR	2,260	5	3	2	N	N	2005		34	179-28-213-058
1	2752287	89002	A-ER	94 John Stuart Mill ST	$485,000.00	1STORY	SFR	1,673	3	2	2	N	N	2001		7	178-25-710-104
1	2714836	89002	A-ER	815 Crabapple DR	$489,000.00	2STORY	SFR	2,033	5	3	2	N	N	1990		184	179-30-713-011
1	2763404	89002	A-ER	683 Truk Lagoon DR	$489,900.00	1STORY	SFR	1,656	4	2	2	N	N	1996		13	179-30-111-002
1	2760517	89002	A-ER	818 Grape Vine AVE	$490,000.00	2STORY	SFR	1,909	4	3	2	N	N	1995		21	179-28-210-010
1	2761040	89003	A-ER	100 West Spruce ST	$150,000.00	1STORY	MAN	800	0	1	0	N	N	1997		21	18-581-12
1	2734149	89003	A-ER	400 West Hoyt ST	$165,000.00	1STORY	MAN	1,488	3	2	2	N	N	1987		133	18-305-18
1	2724617	89003	A-ER	201 South 4th ST	$225,000.00	1STORY	SFR	1,056	2	2	0	N	N	1920		157	18-316-07
1	2738752	89003	A-ER	251 A AVE	$244,000.00	1STORY	MAN	1,512	3	2	0	N	N	2007		112	18-221-46
1	2752693	89003	A-ER	210 East Cedar ST	$300,000.00	1STORY	SFR	1,364	3	2	4	N	N	1953		53	18-251-05
1	2763283	89005	A-ER	1294 Black Mountain CT	$230,000.00	1STORY	MAN	1,248	2	2	0	N	N	1977		12	186-08-412-039
1	2762377	89005	A-ER	1402 Coronado DR	$240,000.00	1STORY	MAN	1,536	3	2	0	N	N	1980		8	186-08-810-023
1	2756889	89005	A-ER	709 Utah ST	$249,900.00	1STORY	SFR	940	1	2	0	N	N	1934		38	186-09-510-211
1	2687997	89005	A-ER	524 5th ST	$249,900.00	1STORY	SFR	1,256	2	1	0	N	N	1945		137	186-09-610-160
1	2736851	89005	A-ER	1324 Georgia AVE #A	$269,000.00	2STORY	TWH	843	2	2	0	N	N	1983		123	186-09-420-010
1	2724084	89005	A-ER	687 Marina DR #39	$275,000.00	2STORY	TWH	1,344	2	3	0	N	N	1984		171	181-33-414-010
1	2763445	89005	A-ER	1302 Georgia AVE #B	$285,000.00	2STORY	TWH	1,196	2	2	0	N	N	1978		13	186-09-713-014
1	2693666	89005	A-ER	670 Mount Bona WAY	$299,000.00	1STORY	MAN	1,248	2	2	0	N	N	1980		279	181-33-410-021
1	2751734	89005	A-ER	1297 Shenandoah ST	$299,900.00	1STORY,MANUFCT	MAN	1,400	2	2	2	Y	N	1977		55	186-08-413-008
1	2766022	89005	A-ER	504 Tara CT	$310,000.00	2STORY	TWH	1,049	2	2	2	N	N	1973		4	181-33-612-048
1	2754435	89005	A-ER	687 Marina DR #32	$317,888.00	2STORY	TWH	1,289	2	3	0	N	N	1985		46	181-33-414-003
1	2762498	89005	A-ER	1304 Capri DR #A	$325,000.00	2STORY	TWH	1,196	2	2	0	N	N	1979		17	186-09-317-011
1	2763516	89005	A-ER	1310 Capri DR #C	$330,000.00	2STORY	TWH	1,196	2	2	0	N	N	1979		12	186-09-417-008
1	2740051	89005	A-ER	673 Mount Bona WAY	$347,000.00	1STORY	MAN	1,344	2	2	0	N	N	1980		107	181-33-410-047
1	2765945	89005	A-ER	491 Marina CV	$350,000.00	2STORY	TWH	1,991	3	4	2	N	Y	1996		3	181-33-413-012
1	2744516	89005	A-ER	517 5th ST	$350,000.00	1STORY	SFR	1,258	3	1	0	N	N	1942		81	186-09-610-169
1	2737222	89005	A-ER	520 5th ST	$359,000.00	1STORY	SFR	924	2	1	1	N	N	1942		120	186-09-610-159
1	2748854	89005	A-ER	585 Lake Superior LN	$369,000.00	1STORY	MAN	1,415	2	2	0	N	N	1992		54	186-05-511-023
1	2732121	89005	A-ER	233 Big Horn DR	$375,000.00	1STORY	TWH	1,282	2	2	2	N	N	1999		143	186-04-514-014
1	2703194	89005	A-ER	1201 I	$375,000.00	1STORY	SFR	1,050	2	2	0	N	N	1962		232	186-09-711-025
1	2660289	89005	A-ER	227 Big Horn DR	$379,900.00	1STORY	TWH	1,240	2	2	2	N	N	2000		388	186-04-514-017
1	2760680	89005	A-ER	1313 Coronado DR	$385,000.00	1STORY,MANUFCT	MAN	1,620	3	2	0	N	N	2005		9	186-08-810-069
1	2740813	89005	A-ER	616 6th ST	$394,400.00	1STORY	SFR	896	2	1	0	N	N	1946		106	186-09-610-070
1	2754765	89005	A-ER	529 Elm ST	$398,000.00	1STORY	SFR	1,126	2	1	1	N	N	1946		35	186-08-511-010
1	2762620	89005	A-ER	545 Date ST	$399,000.00	1STORY	SFR	948	3	1	0	N	N	1942		15	186-09-110-037
1	2692677	89005	A-ER	531 New Mexico ST	$400,000.00	1STORY	SFR	924	2	1	0	N	N	1942		214	186-09-610-149
1	2759145	89005	A-ER	1586 Tilman LN	$415,000.00	1STORY	TWH	1,326	3	0	2	N	N	2018		28	186-08-314-050
1	2737976	89005	A-ER	636 C AVE	$424,999.00	1STORY	SFR	779	2	2	0	N	N	1938		117	186-09-110-280
1	2750843	89005	A-ER	529 I	$435,000.00	1STORY	SFR	1,565	4	3	1	N	N	1936		58	186-09-510-031
1	2766919	89005	A-ER	204 Donner WAY	$435,500.00	2STORY	SFR	1,474	3	2	2	N	N	1990		0	186-05-710-062
1	2714195	89005	A-ER	668 Mount Tamalpais WAY	$449,000.00	1STORY	MAN	1,816	2	2	0	N	N	1980		207	181-33-410-049
1	2727274	89005	A-ER	595 Lake Michigan LN	$449,999.00	1STORY	MAN	1,848	2	2	0	N	N	1987		158	186-05-510-008
1	2674090	89005	A-ER	591 Lake Superior LN	$459,900.00	1STORY	MAN	2,210	2	2	2	N	Y	1983		341	186-05-511-021
1	2744482	89005	A-ER	605 L AVE	$460,000.00	1STORY	SFR	1,746	4	2	0	N	N	1934		68	186-09-510-193
1	2756065	89005	A-ER	623 California AVE	$498,800.00	2STORY	SFR	1,845	4	3	1	N	N	1936		36	186-09-110-214
1	2660308	89005	A-ER	834 Benita PL	$499,900.00	1STORY	SFR	1,333	3	2	0	Y	Y	1972		387	186-09-311-021
1	2636916	89008	A-ER	853 Holt ST	$55,000.00	1STORY	MAN	2,600	4	2	1	N	N	1976		471	003-132-22
1	2765664	89008	A-ER	370 Main ST	$188,800.00	1STORY	SFR	920	2	2	0	N	N	1929		5	003-084-10
1	2727778	89008	A-ER	70 Tennille ST	$200,000.00	1STORY	SFR	2,788	4	3	0	N	N	1932		160	003-074-08
1	2756764	89008	A-ER	561 Main ST	$267,900.00	1STORY,BASEMNT	SFR	1,610	4	2	2	N	N	1932		40	003-098-02
1	2717256	89008	A-ER	251 Spring HTS	$315,000.00	1STORY	SFR	1,733	2	2	0	N	N	2021		197	003-185-04
1	2733203	89008	A-ER	5203 Blue Desert TRL	$399,000.00	1STORY	SFR	1,664	2	3	2	N	Y	2004		138	013-042-17
1	2753058	89010	A-ER	1360 Wild Horse Run	$325,000.00	2STORY	SFR	960	1	3	1	N	N	2010		50
1	2744908	89011	A-ER	432 Sellers PL	$165,000.00	2STORY	TWH	838	1	1	0	N	N	1982		62	178-12-510-143
